"Data Source","World Development Indicators",

"Last Updated Date","2026-02-24",

"Country Name","Country Code","Indicator Name","Indicator Code","1960","1961","1962","1963","1964","1965","1966","1967","1968","1969","1970","1971","1972","1973","1974","1975","1976","1977","1978","1979","1980","1981","1982","1983","1984","1985","1986","1987","1988","1989","1990","1991","1992","1993","1994","1995","1996","1997","1998","1999","2000","2001","2002","2003","2004","2005","2006","2007","2008","2009","2010","2011","2012","2013","2014","2015","2016","2017","2018","2019","2020","2021","2022","2023","2024","2025",
"Aruba","ABW","Mortality rate attributed to unsafe water, unsafe sanitation and lack of hygiene (per 100,000 population)","SH.STA.WASH.P5","","","","","","","","","","","","","","","","","","","","","","","","","","","","","","","","","","","","","","","","","","","","","","","","","","","","","","","","","","","","","","","","","","",
"Africa Eastern and Southern","AFE","Mortality rate attributed to unsafe water, unsafe sanitation and lack of hygiene (per 100,000 population)","SH.STA.WASH.P5","","","","","","","","","","","","","","","","","","","","","","","","","","","","","","","","","","","","","","","","","","","","","","","","","","","","","","","","","","","","38.8517364790618","","","","","","",
"Afghanistan","AFG","Mortality rate attributed to unsafe water, unsafe sanitation and lack of hygiene (per 100,000 population)","SH.STA.WASH.P5","","","","","","","","","","","","","","","","","","","","","","","","","","","","","","","","","","","","","","","","","","","","","","","","","","","","","","","","","","","","16.6","","","","","","",
"Africa Western and Central","AFW","Mortality rate attributed to unsafe water, unsafe sanitation and lack of hygiene (per 100,000 population)","SH.STA.WASH.P5","","","","","","","","","","","","","","","","","","","","","","","","","","","","","","","","","","","","","","","","","","","","","","","","","","","","","","","","","","","","61.3934265091667","","","","","","",
"Angola","AGO","Mortality rate attributed to unsafe water, unsafe sanitation and lack of hygiene (per 100,000 population)","SH.STA.WASH.P5","","","","","","","","","","","","","","","","","","","","","","","","","","","","","","","","","","","","","","","","","","","","","","","","","","","","","","","","","","","","48.9","","","","","","",
"Albania","ALB","Mortality rate attributed to unsafe water, unsafe sanitation and lack of hygiene (per 100,000 population)","SH.STA.WASH.P5","","","","","","","","","","","","","","","","","","","","","","","","","","","","","","","","","","","","","","","","","","","","","","","","","","","","","","","","","","","","3.2","","","","","","",
"Andorra","AND","Mortality rate attributed to unsafe water, unsafe sanitation and lack of hygiene (per 100,000 population)","SH.STA.WASH.P5","","","","","","","","","","","","","","","","","","","","","","","","","","","","","","","","","","","","","","","","","","","","","","","","","","","","","","","","","","","","","","","","","","",
"Arab World","ARB","Mortality rate attributed to unsafe water, unsafe sanitation and lack of hygiene (per 100,000 population)","SH.STA.WASH.P5","","","","","","","","","","","","","","","","","","","","","","","","","","","","","","","","","","","","","","","","","","","","","","","","","","","","","","","","","","","","10.2203903859828","","","","","","",
"United Arab Emirates","ARE","Mortality rate attributed to unsafe water, unsafe sanitation and lack of hygiene (per 100,000 population)","SH.STA.WASH.P5","","","","","","","","","","","","","","","","","","","","","","","","","","","","","","","","","","","","","","","","","","","","","","","","","","","","","","","","","","","","0.8","","","","","","",
"Argentina","ARG","Mortality rate attributed to unsafe water, unsafe sanitation and lack of hygiene (per 100,000 population)","SH.STA.WASH.P5","","","","","","","","","","","","","","","","","","","","","","","","","","","","","","","","","","","","","","","","","","","","","","","","","","","","","","","","","","","","11.4","","","","","","",
"Armenia","ARM","Mortality rate attributed to unsafe water, unsafe sanitation and lack of hygiene (per 100,000 population)","SH.STA.WASH.P5","","","","","","","","","","","","","","","","","","","","","","","","","","","","","","","","","","","","","","","","","","","","","","","","","","","","","","","","","","","","5.8","","","","","","",
"American Samoa","ASM","Mortality rate attributed to unsafe water, unsafe sanitation and lack of hygiene (per 100,000 population)","SH.STA.WASH.P5","","","","","","","","","","","","","","","","","","","","","","","","","","","","","","","","","","","","","","","","","","","","","","","","","","","","","","","","","","","","","","","","","","",
"Antigua and Barbuda","ATG","Mortality rate attributed to unsafe water, unsafe sanitation and lack of hygiene (per 100,000 population)","SH.STA.WASH.P5","","","","","","","","","","","","","","","","","","","","","","","","","","","","","","","","","","","","","","","","","","","","","","","","","","","","","","","","","","","","2.5","","","","","","",
"Australia","AUS","Mortality rate attributed to unsafe water, unsafe sanitation and lack of hygiene (per 100,000 population)","SH.STA.WASH.P5","","","","","","","","","","","","","","","","","","","","","","","","","","","","","","","","","","","","","","","","","","","","","","","","","","","","","","","","","","","","1.9","","","","","","",
"Austria","AUT","Mortality rate attributed to unsafe water, unsafe sanitation and lack of hygiene (per 100,000 population)","SH.STA.WASH.P5","","","","","","","","","","","","","","","","","","","","","","","","","","","","","","","","","","","","","","","","","","","","","","","","","","","","","","","","","","","","2","","","","","","",
"Azerbaijan","AZE","Mortality rate attributed to unsafe water, unsafe sanitation and lack of hygiene (per 100,000 population)","SH.STA.WASH.P5","","","","","","","","","","","","","","","","","","","","","","","","","","","","","","","","","","","","","","","","","","","","","","","","","","","","","","","","","","","","3.6","","","","","","",
"Burundi","BDI","Mortality rate attributed to unsafe water, unsafe sanitation and lack of hygiene (per 100,000 population)","SH.STA.WASH.P5","","","","","","","","","","","","","","","","","","","","","","","","","","","","","","","","","","","","","","","","","","","","","","","","","","","","","","","","","","","","53.3","","","","","","",
"Belgium","BEL","Mortality rate attributed to unsafe water, unsafe sanitation and lack of hygiene (per 100,000 population)","SH.STA.WASH.P5","","","","","","","","","","","","","","","","","","","","","","","","","","","","","","","","","","","","","","","","","","","","","","","","","","","","","","","","","","","","5.3","","","","","","",
"Benin","BEN","Mortality rate attributed to unsafe water, unsafe sanitation and lack of hygiene (per 100,000 population)","SH.STA.WASH.P5","","","","","","","","","","","","","","","","","","","","","","","","","","","","","","","","","","","","","","","","","","","","","","","","","","","","","","","","","","","","60.2","","","","","","",
"Burkina Faso","BFA","Mortality rate attributed to unsafe water, unsafe sanitation and lack of hygiene (per 100,000 population)","SH.STA.WASH.P5","","","","","","","","","","","","","","","","","","","","","","","","","","","","","","","","","","","","","","","","","","","","","","","","","","","","","","","","","","","","60.9","","","","","","",
"Bangladesh","BGD","Mortality rate attributed to unsafe water, unsafe sanitation and lack of hygiene (per 100,000 population)","SH.STA.WASH.P5","","","","","","","","","","","","","","","","","","","","","","","","","","","","","","","","","","","","","","","","","","","","","","","","","","","","","","","","","","","","18.2","","","","","","",
"Bulgaria","BGR","Mortality rate attributed to unsafe water, unsafe sanitation and lack of hygiene (per 100,000 population)","SH.STA.WASH.P5","","","","","","","","","","","","","","","","","","","","","","","","","","","","","","","","","","","","","","","","","","","","","","","","","","","","","","","","","","","","2.9","","","","","","",
"Bahrain","BHR","Mortality rate attributed to unsafe water, unsafe sanitation and lack of hygiene (per 100,000 population)","SH.STA.WASH.P5","","","","","","","","","","","","","","","","","","","","","","","","","","","","","","","","","","","","","","","","","","","","","","","","","","","","","","","","","","","","0.8","","","","","","",
"Bahamas, The","BHS","Mortality rate attributed to unsafe water, unsafe sanitation and lack of hygiene (per 100,000 population)","SH.STA.WASH.P5","","","","","","","","","","","","","","","","","","","","","","","","","","","","","","","","","","","","","","","","","","","","","","","","","","","","","","","","","","","","2.6","","","","","","",
"Bosnia and Herzegovina","BIH","Mortality rate attributed to unsafe water, unsafe sanitation and lack of hygiene (per 100,000 population)","SH.STA.WASH.P5","","","","","","","","","","","","","","","","","","","","","","","","","","","","","","","","","","","","","","","","","","","","","","","","","","","","","","","","","","","","1.9","","","","","","",
"Belarus","BLR","Mortality rate attributed to unsafe water, unsafe sanitation and lack of hygiene (per 100,000 population)","SH.STA.WASH.P5","","","","","","","","","","","","","","","","","","","","","","","","","","","","","","","","","","","","","","","","","","","","","","","","","","","","","","","","","","","","1.6","","","","","","",
"Belize","BLZ","Mortality rate attributed to unsafe water, unsafe sanitation and lack of hygiene (per 100,000 population)","SH.STA.WASH.P5","","","","","","","","","","","","","","","","","","","","","","","","","","","","","","","","","","","","","","","","","","","","","","","","","","","","","","","","","","","","4.3","","","","","","",
"Bermuda","BMU","Mortality rate attributed to unsafe water, unsafe sanitation and lack of hygiene (per 100,000 population)","SH.STA.WASH.P5","","","","","","","","","","","","","","","","","","","","","","","","","","","","","","","","","","","","","","","","","","","","","","","","","","","","","","","","","","","","","","","","","","",
"Bolivia","BOL","Mortality rate attributed to unsafe water, unsafe sanitation and lack of hygiene (per 100,000 population)","SH.STA.WASH.P5","","","","","","","","","","","","","","","","","","","","","","","","","","","","","","","","","","","","","","","","","","","","","","","","","","","","","","","","","","","","14.3","","","","","","",
"Brazil","BRA","Mortality rate attributed to unsafe water, unsafe sanitation and lack of hygiene (per 100,000 population)","SH.STA.WASH.P5","","","","","","","","","","","","","","","","","","","","","","","","","","","","","","","","","","","","","","","","","","","","","","","","","","","","","","","","","","","","6.6","","","","","","",
"Barbados","BRB","Mortality rate attributed to unsafe water, unsafe sanitation and lack of hygiene (per 100,000 population)","SH.STA.WASH.P5","","","","","","","","","","","","","","","","","","","","","","","","","","","","","","","","","","","","","","","","","","","","","","","","","","","","","","","","","","","","7.7","","","","","","",
"Brunei Darussalam","BRN","Mortality rate attributed to unsafe water, unsafe sanitation and lack of hygiene (per 100,000 population)","SH.STA.WASH.P5","","","","","","","","","","","","","","","","","","","","","","","","","","","","","","","","","","","","","","","","","","","","","","","","","","","","","","","","","","","","1.7","","","","","","",
"Bhutan","BTN","Mortality rate attributed to unsafe water, unsafe sanitation and lack of hygiene (per 100,000 population)","SH.STA.WASH.P5","","","","","","","","","","","","","","","","","","","","","","","","","","","","","","","","","","","","","","","","","","","","","","","","","","","","","","","","","","","","15.7","","","","","","",
"Botswana","BWA","Mortality rate attributed to unsafe water, unsafe sanitation and lack of hygiene (per 100,000 population)","SH.STA.WASH.P5","","","","","","","","","","","","","","","","","","","","","","","","","","","","","","","","","","","","","","","","","","","","","","","","","","","","","","","","","","","","26.8","","","","","","",
"Central African Republic","CAF","Mortality rate attributed to unsafe water, unsafe sanitation and lack of hygiene (per 100,000 population)","SH.STA.WASH.P5","","","","","","","","","","","","","","","","","","","","","","","","","","","","","","","","","","","","","","","","","","","","","","","","","","","","","","","","","","","","97","","","","","","",
"Canada","CAN","Mortality rate attributed to unsafe water, unsafe sanitation and lack of hygiene (per 100,000 population)","SH.STA.WASH.P5","","","","","","","","","","","","","","","","","","","","","","","","","","","","","","","","","","","","","","","","","","","","","","","","","","","","","","","","","","","","2.3","","","","","","",
"Central Europe and the Baltics","CEB","Mortality rate attributed to unsafe water, unsafe sanitation and lack of hygiene (per 100,000 population)","SH.STA.WASH.P5","","","","","","","","","","","","","","","","","","","","","","","","","","","","","","","","","","","","","","","","","","","","","","","","","","","","","","","","","","","","4.68096565533859","","","","","","",
"Switzerland","CHE","Mortality rate attributed to unsafe water, unsafe sanitation and lack of hygiene (per 100,000 population)","SH.STA.WASH.P5","","","","","","","","","","","","","","","","","","","","","","","","","","","","","","","","","","","","","","","","","","","","","","","","","","","","","","","","","","","","2.5","","","","","","",
"Channel Islands","CHI","Mortality rate attributed to unsafe water, unsafe sanitation and lack of hygiene (per 100,000 population)","SH.STA.WASH.P5","","","","","","","","","","","","","","","","","","","","","","","","","","","","","","","","","","","","","","","","","","","","","","","","","","","","","","","","","","","","","","","","","","",
"Chile","CHL","Mortality rate attributed to unsafe water, unsafe sanitation and lack of hygiene (per 100,000 population)","SH.STA.WASH.P5","","","","","","","","","","","","","","","","","","","","","","","","","","","","","","","","","","","","","","","","","","","","","","","","","","","","","","","","","","","","2.3","","","","","","",
"China","CHN","Mortality rate attributed to unsafe water, unsafe sanitation and lack of hygiene (per 100,000 population)","SH.STA.WASH.P5","","","","","","","","","","","","","","","","","","","","","","","","","","","","","","","","","","","","","","","","","","","","","","","","","","","","","","","","","","","","2.2","","","","","","",
"Cote d'Ivoire","CIV","Mortality rate attributed to unsafe water, unsafe sanitation and lack of hygiene (per 100,000 population)","SH.STA.WASH.P5","","","","","","","","","","","","","","","","","","","","","","","","","","","","","","","","","","","","","","","","","","","","","","","","","","","","","","","","","","","","47","","","","","","",
"Cameroon","CMR","Mortality rate attributed to unsafe water, unsafe sanitation and lack of hygiene (per 100,000 population)","SH.STA.WASH.P5","","","","","","","","","","","","","","","","","","","","","","","","","","","","","","","","","","","","","","","","","","","","","","","","","","","","","","","","","","","","47.3","","","","","","",
"Congo, Dem. Rep.","COD","Mortality rate attributed to unsafe water, unsafe sanitation and lack of hygiene (per 100,000 population)","SH.STA.WASH.P5","","","","","","","","","","","","","","","","","","","","","","","","","","","","","","","","","","","","","","","","","","","","","","","","","","","","","","","","","","","","52.3","","","","","","",
"Congo, Rep.","COG","Mortality rate attributed to unsafe water, unsafe sanitation and lack of hygiene (per 100,000 population)","SH.STA.WASH.P5","","","","","","","","","","","","","","","","","","","","","","","","","","","","","","","","","","","","","","","","","","","","","","","","","","","","","","","","","","","","26.4","","","","","","",
"Colombia","COL","Mortality rate attributed to unsafe water, unsafe sanitation and lack of hygiene (per 100,000 population)","SH.STA.WASH.P5","","","","","","","","","","","","","","","","","","","","","","","","","","","","","","","","","","","","","","","","","","","","","","","","","","","","","","","","","","","","3.4","","","","","","",
"Comoros","COM","Mortality rate attributed to unsafe water, unsafe sanitation and lack of hygiene (per 100,000 population)","SH.STA.WASH.P5","","","","","","","","","","","","","","","","","","","","","","","","","","","","","","","","","","","","","","","","","","","","","","","","","","","","","","","","","","","","43.8","","","","","","",
"Cabo Verde","CPV","Mortality rate attributed to unsafe water, unsafe sanitation and lack of hygiene (per 100,000 population)","SH.STA.WASH.P5","","","","","","","","","","","","","","","","","","","","","","","","","","","","","","","","","","","","","","","","","","","","","","","","","","","","","","","","","","","","12.1","","","","","","",
"Costa Rica","CRI","Mortality rate attributed to unsafe water, unsafe sanitation and lack of hygiene (per 100,000 population)","SH.STA.WASH.P5","","","","","","","","","","","","","","","","","","","","","","","","","","","","","","","","","","","","","","","","","","","","","","","","","","","","","","","","","","","","2.9","","","","","","",
"Caribbean small states","CSS","Mortality rate attributed to unsafe water, unsafe sanitation and lack of hygiene (per 100,000 population)","SH.STA.WASH.P5","","","","","","","","","","","","","","","","","","","","","","","","","","","","","","","","","","","","","","","","","","","","","","","","","","","","","","","","","","","","4.82123544059541","","","","","","",
"Cuba","CUB","Mortality rate attributed to unsafe water, unsafe sanitation and lack of hygiene (per 100,000 population)","SH.STA.WASH.P5","","","","","","","","","","","","","","","","","","","","","","","","","","","","","","","","","","","","","","","","","","","","","","","","","","","","","","","","","","","","9.7","","","","","","",
"Curacao","CUW","Mortality rate attributed to unsafe water, unsafe sanitation and lack of hygiene (per 100,000 population)","SH.STA.WASH.P5","","","","","","","","","","","","","","","","","","","","","","","","","","","","","","","","","","","","","","","","","","","","","","","","","","","","","","","","","","","","","","","","","","",
"Cayman Islands","CYM","Mortality rate attributed to unsafe water, unsafe sanitation and lack of hygiene (per 100,000 population)","SH.STA.WASH.P5","","","","","","","","","","","","","","","","","","","","","","","","","","","","","","","","","","","","","","","","","","","","","","","","","","","","","","","","","","","","","","","","","","",
"Cyprus","CYP","Mortality rate attributed to unsafe water, unsafe sanitation and lack of hygiene (per 100,000 population)","SH.STA.WASH.P5","","","","","","","","","","","","","","","","","","","","","","","","","","","","","","","","","","","","","","","","","","","","","","","","","","","","","","","","","","","","1.6","","","","","","",
"Czechia","CZE","Mortality rate attributed to unsafe water, unsafe sanitation and lack of hygiene (per 100,000 population)","SH.STA.WASH.P5","","","","","","","","","","","","","","","","","","","","","","","","","","","","","","","","","","","","","","","","","","","","","","","","","","","","","","","","","","","","4.1","","","","","","",
"Germany","DEU","Mortality rate attributed to unsafe water, unsafe sanitation and lack of hygiene (per 100,000 population)","SH.STA.WASH.P5","","","","","","","","","","","","","","","","","","","","","","","","","","","","","","","","","","","","","","","","","","","","","","","","","","","","","","","","","","","","3.2","","","","","","",
"Djibouti","DJI","Mortality rate attributed to unsafe water, unsafe sanitation and lack of hygiene (per 100,000 population)","SH.STA.WASH.P5","","","","","","","","","","","","","","","","","","","","","","","","","","","","","","","","","","","","","","","","","","","","","","","","","","","","","","","","","","","","37.6","","","","","","",
"Dominica","DMA","Mortality rate attributed to unsafe water, unsafe sanitation and lack of hygiene (per 100,000 population)","SH.STA.WASH.P5","","","","","","","","","","","","","","","","","","","","","","","","","","","","","","","","","","","","","","","","","","","","","","","","","","","","","","","","","","","","","","","","","","",
"Denmark","DNK","Mortality rate attributed to unsafe water, unsafe sanitation and lack of hygiene (per 100,000 population)","SH.STA.WASH.P5","","","","","","","","","","","","","","","","","","","","","","","","","","","","","","","","","","","","","","","","","","","","","","","","","","","","","","","","","","","","4.1","","","","","","",
"Dominican Republic","DOM","Mortality rate attributed to unsafe water, unsafe sanitation and lack of hygiene (per 100,000 population)","SH.STA.WASH.P5","","","","","","","","","","","","","","","","","","","","","","","","","","","","","","","","","","","","","","","","","","","","","","","","","","","","","","","","","","","","5.8","","","","","","",
"Algeria","DZA","Mortality rate attributed to unsafe water, unsafe sanitation and lack of hygiene (per 100,000 population)","SH.STA.WASH.P5","","","","","","","","","","","","","","","","","","","","","","","","","","","","","","","","","","","","","","","","","","","","","","","","","","","","","","","","","","","","4.1","","","","","","",
"East Asia & Pacific (excluding high income)","EAP","Mortality rate attributed to unsafe water, unsafe sanitation and lack of hygiene (per 100,000 population)","SH.STA.WASH.P5","","","","","","","","","","","","","","","","","","","","","","","","","","","","","","","","","","","","","","","","","","","","","","","","","","","","","","","","","","","","6.06603737055331","","","","","","",
"Early-demographic dividend","EAR","Mortality rate attributed to unsafe water, unsafe sanitation and lack of hygiene (per 100,000 population)","SH.STA.WASH.P5","","","","","","","","","","","","","","","","","","","","","","","","","","","","","","","","","","","","","","","","","","","","","","","","","","","","","","","","","","","","24.9978789730002","","","","","","",
"East Asia & Pacific","EAS","Mortality rate attributed to unsafe water, unsafe sanitation and lack of hygiene (per 100,000 population)","SH.STA.WASH.P5","","","","","","","","","","","","","","","","","","","","","","","","","","","","","","","","","","","","","","","","","","","","","","","","","","","","","","","","","","","","6.12508881808976","","","","","","",
"Europe & Central Asia (excluding high income)","ECA","Mortality rate attributed to unsafe water, unsafe sanitation and lack of hygiene (per 100,000 population)","SH.STA.WASH.P5","","","","","","","","","","","","","","","","","","","","","","","","","","","","","","","","","","","","","","","","","","","","","","","","","","","","","","","","","","","","3.00461467936916","","","","","","",
"Europe & Central Asia","ECS","Mortality rate attributed to unsafe water, unsafe sanitation and lack of hygiene (per 100,000 population)","SH.STA.WASH.P5","","","","","","","","","","","","","","","","","","","","","","","","","","","","","","","","","","","","","","","","","","","","","","","","","","","","","","","","","","","","3.61211470633537","","","","","","",
"Ecuador","ECU","Mortality rate attributed to unsafe water, unsafe sanitation and lack of hygiene (per 100,000 population)","SH.STA.WASH.P5","","","","","","","","","","","","","","","","","","","","","","","","","","","","","","","","","","","","","","","","","","","","","","","","","","","","","","","","","","","","4.7","","","","","","",
"Egypt, Arab Rep.","EGY","Mortality rate attributed to unsafe water, unsafe sanitation and lack of hygiene (per 100,000 population)","SH.STA.WASH.P5","","","","","","","","","","","","","","","","","","","","","","","","","","","","","","","","","","","","","","","","","","","","","","","","","","","","","","","","","","","","4.8","","","","","","",
"Euro area","EMU","Mortality rate attributed to unsafe water, unsafe sanitation and lack of hygiene (per 100,000 population)","SH.STA.WASH.P5","","","","","","","","","","","","","","","","","","","","","","","","","","","","","","","","","","","","","","","","","","","","","","","","","","","","","","","","","","","","3.42695094143218","","","","","","",
"Eritrea","ERI","Mortality rate attributed to unsafe water, unsafe sanitation and lack of hygiene (per 100,000 population)","SH.STA.WASH.P5","","","","","","","","","","","","","","","","","","","","","","","","","","","","","","","","","","","","","","","","","","","","","","","","","","","","","","","","","","","","66.5","","","","","","",
"Spain","ESP","Mortality rate attributed to unsafe water, unsafe sanitation and lack of hygiene (per 100,000 population)","SH.STA.WASH.P5","","","","","","","","","","","","","","","","","","","","","","","","","","","","","","","","","","","","","","","","","","","","","","","","","","","","","","","","","","","","3.2","","","","","","",
"Estonia","EST","Mortality rate attributed to unsafe water, unsafe sanitation and lack of hygiene (per 100,000 population)","SH.STA.WASH.P5","","","","","","","","","","","","","","","","","","","","","","","","","","","","","","","","","","","","","","","","","","","","","","","","","","","","","","","","","","","","2.6","","","","","","",
"Ethiopia","ETH","Mortality rate attributed to unsafe water, unsafe sanitation and lack of hygiene (per 100,000 population)","SH.STA.WASH.P5","","","","","","","","","","","","","","","","","","","","","","","","","","","","","","","","","","","","","","","","","","","","","","","","","","","","","","","","","","","","40.7","","","","","","",
"European Union","EUU","Mortality rate attributed to unsafe water, unsafe sanitation and lack of hygiene (per 100,000 population)","SH.STA.WASH.P5","","","","","","","","","","","","","","","","","","","","","","","","","","","","","","","","","","","","","","","","","","","","","","","","","","","","","","","","","","","","3.73436084118623","","","","","","",
"Fragile and conflict affected situations","FCS","Mortality rate attributed to unsafe water, unsafe sanitation and lack of hygiene (per 100,000 population)","SH.STA.WASH.P5","","","","","","","","","","","","","","","","","","","","","","","","","","","","","","","","","","","","","","","","","","","","","","","","","","","","","","","","","","","","42.7463964435462","","","","","","",
"Finland","FIN","Mortality rate attributed to unsafe water, unsafe sanitation and lack of hygiene (per 100,000 population)","SH.STA.WASH.P5","","","","","","","","","","","","","","","","","","","","","","","","","","","","","","","","","","","","","","","","","","","","","","","","","","","","","","","","","","","","0.8","","","","","","",
"Fiji","FJI","Mortality rate attributed to unsafe water, unsafe sanitation and lack of hygiene (per 100,000 population)","SH.STA.WASH.P5","","","","","","","","","","","","","","","","","","","","","","","","","","","","","","","","","","","","","","","","","","","","","","","","","","","","","","","","","","","","10.8","","","","","","",
"France","FRA","Mortality rate attributed to unsafe water, unsafe sanitation and lack of hygiene (per 100,000 population)","SH.STA.WASH.P5","","","","","","","","","","","","","","","","","","","","","","","","","","","","","","","","","","","","","","","","","","","","","","","","","","","","","","","","","","","","3.4","","","","","","",
"Faroe Islands","FRO","Mortality rate attributed to unsafe water, unsafe sanitation and lack of hygiene (per 100,000 population)","SH.STA.WASH.P5","","","","","","","","","","","","","","","","","","","","","","","","","","","","","","","","","","","","","","","","","","","","","","","","","","","","","","","","","","","","","","","","","","",
"Micronesia, Fed. Sts.","FSM","Mortality rate attributed to unsafe water, unsafe sanitation and lack of hygiene (per 100,000 population)","SH.STA.WASH.P5","","","","","","","","","","","","","","","","","","","","","","","","","","","","","","","","","","","","","","","","","","","","","","","","","","","","","","","","","","","","14","","","","","","",
"Gabon","GAB","Mortality rate attributed to unsafe water, unsafe sanitation and lack of hygiene (per 100,000 population)","SH.STA.WASH.P5","","","","","","","","","","","","","","","","","","","","","","","","","","","","","","","","","","","","","","","","","","","","","","","","","","","","","","","","","","","","17.5","","","","","","",
"United Kingdom","GBR","Mortality rate attributed to unsafe water, unsafe sanitation and lack of hygiene (per 100,000 population)","SH.STA.WASH.P5","","","","","","","","","","","","","","","","","","","","","","","","","","","","","","","","","","","","","","","","","","","","","","","","","","","","","","","","","","","","6.1","","","","","","",
"Georgia","GEO","Mortality rate attributed to unsafe water, unsafe sanitation and lack of hygiene (per 100,000 population)","SH.STA.WASH.P5","","","","","","","","","","","","","","","","","","","","","","","","","","","","","","","","","","","","","","","","","","","","","","","","","","","","","","","","","","","","3.3","","","","","","",
"Ghana","GHA","Mortality rate attributed to unsafe water, unsafe sanitation and lack of hygiene (per 100,000 population)","SH.STA.WASH.P5","","","","","","","","","","","","","","","","","","","","","","","","","","","","","","","","","","","","","","","","","","","","","","","","","","","","","","","","","","","","25.2","","","","","","",
"Gibraltar","GIB","Mortality rate attributed to unsafe water, unsafe sanitation and lack of hygiene (per 100,000 population)","SH.STA.WASH.P5","","","","","","","","","","","","","","","","","","","","","","","","","","","","","","","","","","","","","","","","","","","","","","","","","","","","","","","","","","","","","","","","","","",
"Guinea","GIN","Mortality rate attributed to unsafe water, unsafe sanitation and lack of hygiene (per 100,000 population)","SH.STA.WASH.P5","","","","","","","","","","","","","","","","","","","","","","","","","","","","","","","","","","","","","","","","","","","","","","","","","","","","","","","","","","","","57.8","","","","","","",
"Gambia, The","GMB","Mortality rate attributed to unsafe water, unsafe sanitation and lack of hygiene (per 100,000 population)","SH.STA.WASH.P5","","","","","","","","","","","","","","","","","","","","","","","","","","","","","","","","","","","","","","","","","","","","","","","","","","","","","","","","","","","","29.5","","","","","","",
"Guinea-Bissau","GNB","Mortality rate attributed to unsafe water, unsafe sanitation and lack of hygiene (per 100,000 population)","SH.STA.WASH.P5","","","","","","","","","","","","","","","","","","","","","","","","","","","","","","","","","","","","","","","","","","","","","","","","","","","","","","","","","","","","49.4","","","","","","",
"Equatorial Guinea","GNQ","Mortality rate attributed to unsafe water, unsafe sanitation and lack of hygiene (per 100,000 population)","SH.STA.WASH.P5","","","","","","","","","","","","","","","","","","","","","","","","","","","","","","","","","","","","","","","","","","","","","","","","","","","","","","","","","","","","29.7","","","","","","",
"Greece","GRC","Mortality rate attributed to unsafe water, unsafe sanitation and lack of hygiene (per 100,000 population)","SH.STA.WASH.P5","","","","","","","","","","","","","","","","","","","","","","","","","","","","","","","","","","","","","","","","","","","","","","","","","","","","","","","","","","","","7.6","","","","","","",
"Grenada","GRD","Mortality rate attributed to unsafe water, unsafe sanitation and lack of hygiene (per 100,000 population)","SH.STA.WASH.P5","","","","","","","","","","","","","","","","","","","","","","","","","","","","","","","","","","","","","","","","","","","","","","","","","","","","","","","","","","","","6.7","","","","","","",
"Greenland","GRL","Mortality rate attributed to unsafe water, unsafe sanitation and lack of hygiene (per 100,000 population)","SH.STA.WASH.P5","","","","","","","","","","","","","","","","","","","","","","","","","","","","","","","","","","","","","","","","","","","","","","","","","","","","","","","","","","","","","","","","","","",
"Guatemala","GTM","Mortality rate attributed to unsafe water, unsafe sanitation and lack of hygiene (per 100,000 population)","SH.STA.WASH.P5","","","","","","","","","","","","","","","","","","","","","","","","","","","","","","","","","","","","","","","","","","","","","","","","","","","","","","","","","","","","15.3","","","","","","",
"Guam","GUM","Mortality rate attributed to unsafe water, unsafe sanitation and lack of hygiene (per 100,000 population)","SH.STA.WASH.P5","","","","","","","","","","","","","","","","","","","","","","","","","","","","","","","","","","","","","","","","","","","","","","","","","","","","","","","","","","","","","","","","","","",
"Guyana","GUY","Mortality rate attributed to unsafe water, unsafe sanitation and lack of hygiene (per 100,000 population)","SH.STA.WASH.P5","","","","","","","","","","","","","","","","","","","","","","","","","","","","","","","","","","","","","","","","","","","","","","","","","","","","","","","","","","","","8.6","","","","","","",
"High income","HIC","Mortality rate attributed to unsafe water, unsafe sanitation and lack of hygiene (per 100,000 population)","SH.STA.WASH.P5","","","","","","","","","","","","","","","","","","","","","","","","","","","","","","","","","","","","","","","","","","","","","","","","","","","","","","","","","","","","3.7483116042785","","","","","","",
"Hong Kong SAR, China","HKG","Mortality rate attributed to unsafe water, unsafe sanitation and lack of hygiene (per 100,000 population)","SH.STA.WASH.P5","","","","","","","","","","","","","","","","","","","","","","","","","","","","","","","","","","","","","","","","","","","","","","","","","","","","","","","","","","","","","","","","","","",
"Honduras","HND","Mortality rate attributed to unsafe water, unsafe sanitation and lack of hygiene (per 100,000 population)","SH.STA.WASH.P5","","","","","","","","","","","","","","","","","","","","","","","","","","","","","","","","","","","","","","","","","","","","","","","","","","","","","","","","","","","","7.1","","","","","","",
"Heavily indebted poor countries (HIPC)","HPC","Mortality rate attributed to unsafe water, unsafe sanitation and lack of hygiene (per 100,000 population)","SH.STA.WASH.P5","","","","","","","","","","","","","","","","","","","","","","","","","","","","","","","","","","","","","","","","","","","","","","","","","","","","","","","","","","","","41.6678155509869","","","","","","",
"Croatia","HRV","Mortality rate attributed to unsafe water, unsafe sanitation and lack of hygiene (per 100,000 population)","SH.STA.WASH.P5","","","","","","","","","","","","","","","","","","","","","","","","","","","","","","","","","","","","","","","","","","","","","","","","","","","","","","","","","","","","2.7","","","","","","",
"Haiti","HTI","Mortality rate attributed to unsafe water, unsafe sanitation and lack of hygiene (per 100,000 population)","SH.STA.WASH.P5","","","","","","","","","","","","","","","","","","","","","","","","","","","","","","","","","","","","","","","","","","","","","","","","","","","","","","","","","","","","25.9","","","","","","",
"Hungary","HUN","Mortality rate attributed to unsafe water, unsafe sanitation and lack of hygiene (per 100,000 population)","SH.STA.WASH.P5","","","","","","","","","","","","","","","","","","","","","","","","","","","","","","","","","","","","","","","","","","","","","","","","","","","","","","","","","","","","2","","","","","","",
"IBRD only","IBD","Mortality rate attributed to unsafe water, unsafe sanitation and lack of hygiene (per 100,000 population)","SH.STA.WASH.P5","","","","","","","","","","","","","","","","","","","","","","","","","","","","","","","","","","","","","","","","","","","","","","","","","","","","","","","","","","","","14.7994738629121","","","","","","",
"IDA & IBRD total","IBT","Mortality rate attributed to unsafe water, unsafe sanitation and lack of hygiene (per 100,000 population)","SH.STA.WASH.P5","","","","","","","","","","","","","","","","","","","","","","","","","","","","","","","","","","","","","","","","","","","","","","","","","","","","","","","","","","","","21.0776859650136","","","","","","",
"IDA total","IDA","Mortality rate attributed to unsafe water, unsafe sanitation and lack of hygiene (per 100,000 population)","SH.STA.WASH.P5","","","","","","","","","","","","","","","","","","","","","","","","","","","","","","","","","","","","","","","","","","","","","","","","","","","","","","","","","","","","38.4869155399134","","","","","","",
"IDA blend","IDB","Mortality rate attributed to unsafe water, unsafe sanitation and lack of hygiene (per 100,000 population)","SH.STA.WASH.P5","","","","","","","","","","","","","","","","","","","","","","","","","","","","","","","","","","","","","","","","","","","","","","","","","","","","","","","","","","","","47.4524042850375","","","","","","",
"Indonesia","IDN","Mortality rate attributed to unsafe water, unsafe sanitation and lack of hygiene (per 100,000 population)","SH.STA.WASH.P5","","","","","","","","","","","","","","","","","","","","","","","","","","","","","","","","","","","","","","","","","","","","","","","","","","","","","","","","","","","","15.8","","","","","","",
"IDA only","IDX","Mortality rate attributed to unsafe water, unsafe sanitation and lack of hygiene (per 100,000 population)","SH.STA.WASH.P5","","","","","","","","","","","","","","","","","","","","","","","","","","","","","","","","","","","","","","","","","","","","","","","","","","","","","","","","","","","","33.6299042756956","","","","","","",
"Isle of Man","IMN","Mortality rate attributed to unsafe water, unsafe sanitation and lack of hygiene (per 100,000 population)","SH.STA.WASH.P5","","","","","","","","","","","","","","","","","","","","","","","","","","","","","","","","","","","","","","","","","","","","","","","","","","","","","","","","","","","","","","","","","","",
"India","IND","Mortality rate attributed to unsafe water, unsafe sanitation and lack of hygiene (per 100,000 population)","SH.STA.WASH.P5","","","","","","","","","","","","","","","","","","","","","","","","","","","","","","","","","","","","","","","","","","","","","","","","","","","","","","","","","","","","36.4","","","","","","",
"Not classified","INX","Mortality rate attributed to unsafe water, unsafe sanitation and lack of hygiene (per 100,000 population)","SH.STA.WASH.P5","","","","","","","","","","","","","","","","","","","","","","","","","","","","","","","","","","","","","","","","","","","","","","","","","","","","","","","","","","","","","","","","","","",
"Ireland","IRL","Mortality rate attributed to unsafe water, unsafe sanitation and lack of hygiene (per 100,000 population)","SH.STA.WASH.P5","","","","","","","","","","","","","","","","","","","","","","","","","","","","","","","","","","","","","","","","","","","","","","","","","","","","","","","","","","","","2.7","","","","","","",
"Iran, Islamic Rep.","IRN","Mortality rate attributed to unsafe water, unsafe sanitation and lack of hygiene (per 100,000 population)","SH.STA.WASH.P5","","","","","","","","","","","","","","","","","","","","","","","","","","","","","","","","","","","","","","","","","","","","","","","","","","","","","","","","","","","","2.9","","","","","","",
"Iraq","IRQ","Mortality rate attributed to unsafe water, unsafe sanitation and lack of hygiene (per 100,000 population)","SH.STA.WASH.P5","","","","","","","","","","","","","","","","","","","","","","","","","","","","","","","","","","","","","","","","","","","","","","","","","","","","","","","","","","","","4.4","","","","","","",
"Iceland","ISL","Mortality rate attributed to unsafe water, unsafe sanitation and lack of hygiene (per 100,000 population)","SH.STA.WASH.P5","","","","","","","","","","","","","","","","","","","","","","","","","","","","","","","","","","","","","","","","","","","","","","","","","","","","","","","","","","","","2.4","","","","","","",
"Israel","ISR","Mortality rate attributed to unsafe water, unsafe sanitation and lack of hygiene (per 100,000 population)","SH.STA.WASH.P5","","","","","","","","","","","","","","","","","","","","","","","","","","","","","","","","","","","","","","","","","","","","","","","","","","","","","","","","","","","","2","","","","","","",
"Italy","ITA","Mortality rate attributed to unsafe water, unsafe sanitation and lack of hygiene (per 100,000 population)","SH.STA.WASH.P5","","","","","","","","","","","","","","","","","","","","","","","","","","","","","","","","","","","","","","","","","","","","","","","","","","","","","","","","","","","","3","","","","","","",
"Jamaica","JAM","Mortality rate attributed to unsafe water, unsafe sanitation and lack of hygiene (per 100,000 population)","SH.STA.WASH.P5","","","","","","","","","","","","","","","","","","","","","","","","","","","","","","","","","","","","","","","","","","","","","","","","","","","","","","","","","","","","2.3","","","","","","",
"Jordan","JOR","Mortality rate attributed to unsafe water, unsafe sanitation and lack of hygiene (per 100,000 population)","SH.STA.WASH.P5","","","","","","","","","","","","","","","","","","","","","","","","","","","","","","","","","","","","","","","","","","","","","","","","","","","","","","","","","","","","1.9","","","","","","",
"Japan","JPN","Mortality rate attributed to unsafe water, unsafe sanitation and lack of hygiene (per 100,000 population)","SH.STA.WASH.P5","","","","","","","","","","","","","","","","","","","","","","","","","","","","","","","","","","","","","","","","","","","","","","","","","","","","","","","","","","","","8.4","","","","","","",
"Kazakhstan","KAZ","Mortality rate attributed to unsafe water, unsafe sanitation and lack of hygiene (per 100,000 population)","SH.STA.WASH.P5","","","","","","","","","","","","","","","","","","","","","","","","","","","","","","","","","","","","","","","","","","","","","","","","","","","","","","","","","","","","3.2","","","","","","",
"Kenya","KEN","Mortality rate attributed to unsafe water, unsafe sanitation and lack of hygiene (per 100,000 population)","SH.STA.WASH.P5","","","","","","","","","","","","","","","","","","","","","","","","","","","","","","","","","","","","","","","","","","","","","","","","","","","","","","","","","","","","29","","","","","","",
"Kyrgyz Republic","KGZ","Mortality rate attributed to unsafe water, unsafe sanitation and lack of hygiene (per 100,000 population)","SH.STA.WASH.P5","","","","","","","","","","","","","","","","","","","","","","","","","","","","","","","","","","","","","","","","","","","","","","","","","","","","","","","","","","","","2.3","","","","","","",
"Cambodia","KHM","Mortality rate attributed to unsafe water, unsafe sanitation and lack of hygiene (per 100,000 population)","SH.STA.WASH.P5","","","","","","","","","","","","","","","","","","","","","","","","","","","","","","","","","","","","","","","","","","","","","","","","","","","","","","","","","","","","17.1","","","","","","",
"Kiribati","KIR","Mortality rate attributed to unsafe water, unsafe sanitation and lack of hygiene (per 100,000 population)","SH.STA.WASH.P5","","","","","","","","","","","","","","","","","","","","","","","","","","","","","","","","","","","","","","","","","","","","","","","","","","","","","","","","","","","","37.4","","","","","","",
"St. Kitts and Nevis","KNA","Mortality rate attributed to unsafe water, unsafe sanitation and lack of hygiene (per 100,000 population)","SH.STA.WASH.P5","","","","","","","","","","","","","","","","","","","","","","","","","","","","","","","","","","","","","","","","","","","","","","","","","","","","","","","","","","","","","","","","","","",
"Korea, Rep.","KOR","Mortality rate attributed to unsafe water, unsafe sanitation and lack of hygiene (per 100,000 population)","SH.STA.WASH.P5","","","","","","","","","","","","","","","","","","","","","","","","","","","","","","","","","","","","","","","","","","","","","","","","","","","","","","","","","","","","5.2","","","","","","",
"Kuwait","KWT","Mortality rate attributed to unsafe water, unsafe sanitation and lack of hygiene (per 100,000 population)","SH.STA.WASH.P5","","","","","","","","","","","","","","","","","","","","","","","","","","","","","","","","","","","","","","","","","","","","","","","","","","","","","","","","","","","","0.8","","","","","","",
"Latin America & Caribbean (excluding high income)","LAC","Mortality rate attributed to unsafe water, unsafe sanitation and lack of hygiene (per 100,000 population)","SH.STA.WASH.P5","","","","","","","","","","","","","","","","","","","","","","","","","","","","","","","","","","","","","","","","","","","","","","","","","","","","","","","","","","","","6.77542581441862","","","","","","",
"Lao PDR","LAO","Mortality rate attributed to unsafe water, unsafe sanitation and lack of hygiene (per 100,000 population)","SH.STA.WASH.P5","","","","","","","","","","","","","","","","","","","","","","","","","","","","","","","","","","","","","","","","","","","","","","","","","","","","","","","","","","","","20.5","","","","","","",
"Lebanon","LBN","Mortality rate attributed to unsafe water, unsafe sanitation and lack of hygiene (per 100,000 population)","SH.STA.WASH.P5","","","","","","","","","","","","","","","","","","","","","","","","","","","","","","","","","","","","","","","","","","","","","","","","","","","","","","","","","","","","2.4","","","","","","",
"Liberia","LBR","Mortality rate attributed to unsafe water, unsafe sanitation and lack of hygiene (per 100,000 population)","SH.STA.WASH.P5","","","","","","","","","","","","","","","","","","","","","","","","","","","","","","","","","","","","","","","","","","","","","","","","","","","","","","","","","","","","34.6","","","","","","",
"Libya","LBY","Mortality rate attributed to unsafe water, unsafe sanitation and lack of hygiene (per 100,000 population)","SH.STA.WASH.P5","","","","","","","","","","","","","","","","","","","","","","","","","","","","","","","","","","","","","","","","","","","","","","","","","","","","","","","","","","","","2.2","","","","","","",
"St. Lucia","LCA","Mortality rate attributed to unsafe water, unsafe sanitation and lack of hygiene (per 100,000 population)","SH.STA.WASH.P5","","","","","","","","","","","","","","","","","","","","","","","","","","","","","","","","","","","","","","","","","","","","","","","","","","","","","","","","","","","","5.8","","","","","","",
"Latin America & Caribbean","LCN","Mortality rate attributed to unsafe water, unsafe sanitation and lack of hygiene (per 100,000 population)","SH.STA.WASH.P5","","","","","","","","","","","","","","","","","","","","","","","","","","","","","","","","","","","","","","","","","","","","","","","","","","","","","","","","","","","","6.49718829498195","","","","","","",
"Least developed countries: UN classification","LDC","Mortality rate attributed to unsafe water, unsafe sanitation and lack of hygiene (per 100,000 population)","SH.STA.WASH.P5","","","","","","","","","","","","","","","","","","","","","","","","","","","","","","","","","","","","","","","","","","","","","","","","","","","","","","","","","","","","36.3090268846164","","","","","","",
"Low income","LIC","Mortality rate attributed to unsafe water, unsafe sanitation and lack of hygiene (per 100,000 population)","SH.STA.WASH.P5","","","","","","","","","","","","","","","","","","","","","","","","","","","","","","","","","","","","","","","","","","","","","","","","","","","","","","","","","","","","41.2553500612699","","","","","","",
"Liechtenstein","LIE","Mortality rate attributed to unsafe water, unsafe sanitation and lack of hygiene (per 100,000 population)","SH.STA.WASH.P5","","","","","","","","","","","","","","","","","","","","","","","","","","","","","","","","","","","","","","","","","","","","","","","","","","","","","","","","","","","","","","","","","","",
"Sri Lanka","LKA","Mortality rate attributed to unsafe water, unsafe sanitation and lack of hygiene (per 100,000 population)","SH.STA.WASH.P5","","","","","","","","","","","","","","","","","","","","","","","","","","","","","","","","","","","","","","","","","","","","","","","","","","","","","","","","","","","","4.8","","","","","","",
"Lower middle income","LMC","Mortality rate attributed to unsafe water, unsafe sanitation and lack of hygiene (per 100,000 population)","SH.STA.WASH.P5","","","","","","","","","","","","","","","","","","","","","","","","","","","","","","","","","","","","","","","","","","","","","","","","","","","","","","","","","","","","32.7666393977127","","","","","","",
"Low & middle income","LMY","Mortality rate attributed to unsafe water, unsafe sanitation and lack of hygiene (per 100,000 population)","SH.STA.WASH.P5","","","","","","","","","","","","","","","","","","","","","","","","","","","","","","","","","","","","","","","","","","","","","","","","","","","","","","","","","","","","21.3821648662672","","","","","","",
"Lesotho","LSO","Mortality rate attributed to unsafe water, unsafe sanitation and lack of hygiene (per 100,000 population)","SH.STA.WASH.P5","","","","","","","","","","","","","","","","","","","","","","","","","","","","","","","","","","","","","","","","","","","","","","","","","","","","","","","","","","","","108.1","","","","","","",
"Late-demographic dividend","LTE","Mortality rate attributed to unsafe water, unsafe sanitation and lack of hygiene (per 100,000 population)","SH.STA.WASH.P5","","","","","","","","","","","","","","","","","","","","","","","","","","","","","","","","","","","","","","","","","","","","","","","","","","","","","","","","","","","","3.57769818032047","","","","","","",
"Lithuania","LTU","Mortality rate attributed to unsafe water, unsafe sanitation and lack of hygiene (per 100,000 population)","SH.STA.WASH.P5","","","","","","","","","","","","","","","","","","","","","","","","","","","","","","","","","","","","","","","","","","","","","","","","","","","","","","","","","","","","2.6","","","","","","",
"Luxembourg","LUX","Mortality rate attributed to unsafe water, unsafe sanitation and lack of hygiene (per 100,000 population)","SH.STA.WASH.P5","","","","","","","","","","","","","","","","","","","","","","","","","","","","","","","","","","","","","","","","","","","","","","","","","","","","","","","","","","","","1.9","","","","","","",
"Latvia","LVA","Mortality rate attributed to unsafe water, unsafe sanitation and lack of hygiene (per 100,000 population)","SH.STA.WASH.P5","","","","","","","","","","","","","","","","","","","","","","","","","","","","","","","","","","","","","","","","","","","","","","","","","","","","","","","","","","","","2.6","","","","","","",
"Macao SAR, China","MAC","Mortality rate attributed to unsafe water, unsafe sanitation and lack of hygiene (per 100,000 population)","SH.STA.WASH.P5","","","","","","","","","","","","","","","","","","","","","","","","","","","","","","","","","","","","","","","","","","","","","","","","","","","","","","","","","","","","","","","","","","",
"St. Martin (French part)","MAF","Mortality rate attributed to unsafe water, unsafe sanitation and lack of hygiene (per 100,000 population)","SH.STA.WASH.P5","","","","","","","","","","","","","","","","","","","","","","","","","","","","","","","","","","","","","","","","","","","","","","","","","","","","","","","","","","","","","","","","","","",
"Morocco","MAR","Mortality rate attributed to unsafe water, unsafe sanitation and lack of hygiene (per 100,000 population)","SH.STA.WASH.P5","","","","","","","","","","","","","","","","","","","","","","","","","","","","","","","","","","","","","","","","","","","","","","","","","","","","","","","","","","","","4.6","","","","","","",
"Monaco","MCO","Mortality rate attributed to unsafe water, unsafe sanitation and lack of hygiene (per 100,000 population)","SH.STA.WASH.P5","","","","","","","","","","","","","","","","","","","","","","","","","","","","","","","","","","","","","","","","","","","","","","","","","","","","","","","","","","","","","","","","","","",
"Moldova","MDA","Mortality rate attributed to unsafe water, unsafe sanitation and lack of hygiene (per 100,000 population)","SH.STA.WASH.P5","","","","","","","","","","","","","","","","","","","","","","","","","","","","","","","","","","","","","","","","","","","","","","","","","","","","","","","","","","","","3.6","","","","","","",
"Madagascar","MDG","Mortality rate attributed to unsafe water, unsafe sanitation and lack of hygiene (per 100,000 population)","SH.STA.WASH.P5","","","","","","","","","","","","","","","","","","","","","","","","","","","","","","","","","","","","","","","","","","","","","","","","","","","","","","","","","","","","40.1","","","","","","",
"Maldives","MDV","Mortality rate attributed to unsafe water, unsafe sanitation and lack of hygiene (per 100,000 population)","SH.STA.WASH.P5","","","","","","","","","","","","","","","","","","","","","","","","","","","","","","","","","","","","","","","","","","","","","","","","","","","","","","","","","","","","2.3","","","","","","",
"Middle East, North Africa, Afghanistan & Pakistan","MEA","Mortality rate attributed to unsafe water, unsafe sanitation and lack of hygiene (per 100,000 population)","SH.STA.WASH.P5","","","","","","","","","","","","","","","","","","","","","","","","","","","","","","","","","","","","","","","","","","","","","","","","","","","","","","","","","","","","16.0372256421571","","","","","","",
"Mexico","MEX","Mortality rate attributed to unsafe water, unsafe sanitation and lack of hygiene (per 100,000 population)","SH.STA.WASH.P5","","","","","","","","","","","","","","","","","","","","","","","","","","","","","","","","","","","","","","","","","","","","","","","","","","","","","","","","","","","","3.5","","","","","","",
"Marshall Islands","MHL","Mortality rate attributed to unsafe water, unsafe sanitation and lack of hygiene (per 100,000 population)","SH.STA.WASH.P5","","","","","","","","","","","","","","","","","","","","","","","","","","","","","","","","","","","","","","","","","","","","","","","","","","","","","","","","","","","","","","","","","","",
"Middle income","MIC","Mortality rate attributed to unsafe water, unsafe sanitation and lack of hygiene (per 100,000 population)","SH.STA.WASH.P5","","","","","","","","","","","","","","","","","","","","","","","","","","","","","","","","","","","","","","","","","","","","","","","","","","","","","","","","","","","","19.4794002526069","","","","","","",
"North Macedonia","MKD","Mortality rate attributed to unsafe water, unsafe sanitation and lack of hygiene (per 100,000 population)","SH.STA.WASH.P5","","","","","","","","","","","","","","","","","","","","","","","","","","","","","","","","","","","","","","","","","","","","","","","","","","","","","","","","","","","","1","","","","","","",
"Mali","MLI","Mortality rate attributed to unsafe water, unsafe sanitation and lack of hygiene (per 100,000 population)","SH.STA.WASH.P5","","","","","","","","","","","","","","","","","","","","","","","","","","","","","","","","","","","","","","","","","","","","","","","","","","","","","","","","","","","","66.1","","","","","","",
"Malta","MLT","Mortality rate attributed to unsafe water, unsafe sanitation and lack of hygiene (per 100,000 population)","SH.STA.WASH.P5","","","","","","","","","","","","","","","","","","","","","","","","","","","","","","","","","","","","","","","","","","","","","","","","","","","","","","","","","","","","4.6","","","","","","",
"Myanmar","MMR","Mortality rate attributed to unsafe water, unsafe sanitation and lack of hygiene (per 100,000 population)","SH.STA.WASH.P5","","","","","","","","","","","","","","","","","","","","","","","","","","","","","","","","","","","","","","","","","","","","","","","","","","","","","","","","","","","","12.9","","","","","","",
"Middle East, North Africa, Afghanistan & Pakistan (excluding high income)","MNA","Mortality rate attributed to unsafe water, unsafe sanitation and lack of hygiene (per 100,000 population)","SH.STA.WASH.P5","","","","","","","","","","","","","","","","","","","","","","","","","","","","","","","","","","","","","","","","","","","","","","","","","","","","","","","","","","","","17.3684449987859","","","","","","",
"Montenegro","MNE","Mortality rate attributed to unsafe water, unsafe sanitation and lack of hygiene (per 100,000 population)","SH.STA.WASH.P5","","","","","","","","","","","","","","","","","","","","","","","","","","","","","","","","","","","","","","","","","","","","","","","","","","","","","","","","","","","","1.8","","","","","","",
"Mongolia","MNG","Mortality rate attributed to unsafe water, unsafe sanitation and lack of hygiene (per 100,000 population)","SH.STA.WASH.P5","","","","","","","","","","","","","","","","","","","","","","","","","","","","","","","","","","","","","","","","","","","","","","","","","","","","","","","","","","","","3.2","","","","","","",
"Northern Mariana Islands","MNP","Mortality rate attributed to unsafe water, unsafe sanitation and lack of hygiene (per 100,000 population)","SH.STA.WASH.P5","","","","","","","","","","","","","","","","","","","","","","","","","","","","","","","","","","","","","","","","","","","","","","","","","","","","","","","","","","","","","","","","","","",
"Mozambique","MOZ","Mortality rate attributed to unsafe water, unsafe sanitation and lack of hygiene (per 100,000 population)","SH.STA.WASH.P5","","","","","","","","","","","","","","","","","","","","","","","","","","","","","","","","","","","","","","","","","","","","","","","","","","","","","","","","","","","","45.6","","","","","","",
"Mauritania","MRT","Mortality rate attributed to unsafe water, unsafe sanitation and lack of hygiene (per 100,000 population)","SH.STA.WASH.P5","","","","","","","","","","","","","","","","","","","","","","","","","","","","","","","","","","","","","","","","","","","","","","","","","","","","","","","","","","","","37.8","","","","","","",
"Mauritius","MUS","Mortality rate attributed to unsafe water, unsafe sanitation and lack of hygiene (per 100,000 population)","SH.STA.WASH.P5","","","","","","","","","","","","","","","","","","","","","","","","","","","","","","","","","","","","","","","","","","","","","","","","","","","","","","","","","","","","5.5","","","","","","",
"Malawi","MWI","Mortality rate attributed to unsafe water, unsafe sanitation and lack of hygiene (per 100,000 population)","SH.STA.WASH.P5","","","","","","","","","","","","","","","","","","","","","","","","","","","","","","","","","","","","","","","","","","","","","","","","","","","","","","","","","","","","30.8","","","","","","",
"Malaysia","MYS","Mortality rate attributed to unsafe water, unsafe sanitation and lack of hygiene (per 100,000 population)","SH.STA.WASH.P5","","","","","","","","","","","","","","","","","","","","","","","","","","","","","","","","","","","","","","","","","","","","","","","","","","","","","","","","","","","","14.4","","","","","","",
"North America","NAC","Mortality rate attributed to unsafe water, unsafe sanitation and lack of hygiene (per 100,000 population)","SH.STA.WASH.P5","","","","","","","","","","","","","","","","","","","","","","","","","","","","","","","","","","","","","","","","","","","","","","","","","","","","","","","","","","","","2.3","","","","","","",
"Namibia","NAM","Mortality rate attributed to unsafe water, unsafe sanitation and lack of hygiene (per 100,000 population)","SH.STA.WASH.P5","","","","","","","","","","","","","","","","","","","","","","","","","","","","","","","","","","","","","","","","","","","","","","","","","","","","","","","","","","","","28.8","","","","","","",
"New Caledonia","NCL","Mortality rate attributed to unsafe water, unsafe sanitation and lack of hygiene (per 100,000 population)","SH.STA.WASH.P5","","","","","","","","","","","","","","","","","","","","","","","","","","","","","","","","","","","","","","","","","","","","","","","","","","","","","","","","","","","","","","","","","","",
"Niger","NER","Mortality rate attributed to unsafe water, unsafe sanitation and lack of hygiene (per 100,000 population)","SH.STA.WASH.P5","","","","","","","","","","","","","","","","","","","","","","","","","","","","","","","","","","","","","","","","","","","","","","","","","","","","","","","","","","","","70.3","","","","","","",
"Nigeria","NGA","Mortality rate attributed to unsafe water, unsafe sanitation and lack of hygiene (per 100,000 population)","SH.STA.WASH.P5","","","","","","","","","","","","","","","","","","","","","","","","","","","","","","","","","","","","","","","","","","","","","","","","","","","","","","","","","","","","71.7","","","","","","",
"Nicaragua","NIC","Mortality rate attributed to unsafe water, unsafe sanitation and lack of hygiene (per 100,000 population)","SH.STA.WASH.P5","","","","","","","","","","","","","","","","","","","","","","","","","","","","","","","","","","","","","","","","","","","","","","","","","","","","","","","","","","","","3.5","","","","","","",
"Netherlands","NLD","Mortality rate attributed to unsafe water, unsafe sanitation and lack of hygiene (per 100,000 population)","SH.STA.WASH.P5","","","","","","","","","","","","","","","","","","","","","","","","","","","","","","","","","","","","","","","","","","","","","","","","","","","","","","","","","","","","3.4","","","","","","",
"Norway","NOR","Mortality rate attributed to unsafe water, unsafe sanitation and lack of hygiene (per 100,000 population)","SH.STA.WASH.P5","","","","","","","","","","","","","","","","","","","","","","","","","","","","","","","","","","","","","","","","","","","","","","","","","","","","","","","","","","","","3.6","","","","","","",
"Nepal","NPL","Mortality rate attributed to unsafe water, unsafe sanitation and lack of hygiene (per 100,000 population)","SH.STA.WASH.P5","","","","","","","","","","","","","","","","","","","","","","","","","","","","","","","","","","","","","","","","","","","","","","","","","","","","","","","","","","","","17.8","","","","","","",
"Nauru","NRU","Mortality rate attributed to unsafe water, unsafe sanitation and lack of hygiene (per 100,000 population)","SH.STA.WASH.P5","","","","","","","","","","","","","","","","","","","","","","","","","","","","","","","","","","","","","","","","","","","","","","","","","","","","","","","","","","","","","","","","","","",
"New Zealand","NZL","Mortality rate attributed to unsafe water, unsafe sanitation and lack of hygiene (per 100,000 population)","SH.STA.WASH.P5","","","","","","","","","","","","","","","","","","","","","","","","","","","","","","","","","","","","","","","","","","","","","","","","","","","","","","","","","","","","2.1","","","","","","",
"OECD members","OED","Mortality rate attributed to unsafe water, unsafe sanitation and lack of hygiene (per 100,000 population)","SH.STA.WASH.P5","","","","","","","","","","","","","","","","","","","","","","","","","","","","","","","","","","","","","","","","","","","","","","","","","","","","","","","","","","","","3.71939909654216","","","","","","",
"Oman","OMN","Mortality rate attributed to unsafe water, unsafe sanitation and lack of hygiene (per 100,000 population)","SH.STA.WASH.P5","","","","","","","","","","","","","","","","","","","","","","","","","","","","","","","","","","","","","","","","","","","","","","","","","","","","","","","","","","","","1.6","","","","","","",
"Other small states","OSS","Mortality rate attributed to unsafe water, unsafe sanitation and lack of hygiene (per 100,000 population)","SH.STA.WASH.P5","","","","","","","","","","","","","","","","","","","","","","","","","","","","","","","","","","","","","","","","","","","","","","","","","","","","","","","","","","","","16.171838366248","","","","","","",
"Pakistan","PAK","Mortality rate attributed to unsafe water, unsafe sanitation and lack of hygiene (per 100,000 population)","SH.STA.WASH.P5","","","","","","","","","","","","","","","","","","","","","","","","","","","","","","","","","","","","","","","","","","","","","","","","","","","","","","","","","","","","38.8","","","","","","",
"Panama","PAN","Mortality rate attributed to unsafe water, unsafe sanitation and lack of hygiene (per 100,000 population)","SH.STA.WASH.P5","","","","","","","","","","","","","","","","","","","","","","","","","","","","","","","","","","","","","","","","","","","","","","","","","","","","","","","","","","","","4.2","","","","","","",
"Peru","PER","Mortality rate attributed to unsafe water, unsafe sanitation and lack of hygiene (per 100,000 population)","SH.STA.WASH.P5","","","","","","","","","","","","","","","","","","","","","","","","","","","","","","","","","","","","","","","","","","","","","","","","","","","","","","","","","","","","7.6","","","","","","",
"Philippines","PHL","Mortality rate attributed to unsafe water, unsafe sanitation and lack of hygiene (per 100,000 population)","SH.STA.WASH.P5","","","","","","","","","","","","","","","","","","","","","","","","","","","","","","","","","","","","","","","","","","","","","","","","","","","","","","","","","","","","16.9","","","","","","",
"Palau","PLW","Mortality rate attributed to unsafe water, unsafe sanitation and lack of hygiene (per 100,000 population)","SH.STA.WASH.P5","","","","","","","","","","","","","","","","","","","","","","","","","","","","","","","","","","","","","","","","","","","","","","","","","","","","","","","","","","","","","","","","","","",
"Papua New Guinea","PNG","Mortality rate attributed to unsafe water, unsafe sanitation and lack of hygiene (per 100,000 population)","SH.STA.WASH.P5","","","","","","","","","","","","","","","","","","","","","","","","","","","","","","","","","","","","","","","","","","","","","","","","","","","","","","","","","","","","24.9","","","","","","",
"Poland","POL","Mortality rate attributed to unsafe water, unsafe sanitation and lack of hygiene (per 100,000 population)","SH.STA.WASH.P5","","","","","","","","","","","","","","","","","","","","","","","","","","","","","","","","","","","","","","","","","","","","","","","","","","","","","","","","","","","","5.4","","","","","","",
"Pre-demographic dividend","PRE","Mortality rate attributed to unsafe water, unsafe sanitation and lack of hygiene (per 100,000 population)","SH.STA.WASH.P5","","","","","","","","","","","","","","","","","","","","","","","","","","","","","","","","","","","","","","","","","","","","","","","","","","","","","","","","","","","","48.3807772755471","","","","","","",
"Puerto Rico (US)","PRI","Mortality rate attributed to unsafe water, unsafe sanitation and lack of hygiene (per 100,000 population)","SH.STA.WASH.P5","","","","","","","","","","","","","","","","","","","","","","","","","","","","","","","","","","","","","","","","","","","","","","","","","","","","","","","","","","","","","","","","","","",
"Korea, Dem. People's Rep.","PRK","Mortality rate attributed to unsafe water, unsafe sanitation and lack of hygiene (per 100,000 population)","SH.STA.WASH.P5","","","","","","","","","","","","","","","","","","","","","","","","","","","","","","","","","","","","","","","","","","","","","","","","","","","","","","","","","","","","4.1","","","","","","",
"Portugal","PRT","Mortality rate attributed to unsafe water, unsafe sanitation and lack of hygiene (per 100,000 population)","SH.STA.WASH.P5","","","","","","","","","","","","","","","","","","","","","","","","","","","","","","","","","","","","","","","","","","","","","","","","","","","","","","","","","","","","6.8","","","","","","",
"Paraguay","PRY","Mortality rate attributed to unsafe water, unsafe sanitation and lack of hygiene (per 100,000 population)","SH.STA.WASH.P5","","","","","","","","","","","","","","","","","","","","","","","","","","","","","","","","","","","","","","","","","","","","","","","","","","","","","","","","","","","","4.6","","","","","","",
"West Bank and Gaza","PSE","Mortality rate attributed to unsafe water, unsafe sanitation and lack of hygiene (per 100,000 population)","SH.STA.WASH.P5","","","","","","","","","","","","","","","","","","","","","","","","","","","","","","","","","","","","","","","","","","","","","","","","","","","","","","","","","","","","","","","","","","",
"Pacific island small states","PSS","Mortality rate attributed to unsafe water, unsafe sanitation and lack of hygiene (per 100,000 population)","SH.STA.WASH.P5","","","","","","","","","","","","","","","","","","","","","","","","","","","","","","","","","","","","","","","","","","","","","","","","","","","","","","","","","","","","19.978395795359","","","","","","",
"Post-demographic dividend","PST","Mortality rate attributed to unsafe water, unsafe sanitation and lack of hygiene (per 100,000 population)","SH.STA.WASH.P5","","","","","","","","","","","","","","","","","","","","","","","","","","","","","","","","","","","","","","","","","","","","","","","","","","","","","","","","","","","","3.84009171508541","","","","","","",
"French Polynesia","PYF","Mortality rate attributed to unsafe water, unsafe sanitation and lack of hygiene (per 100,000 population)","SH.STA.WASH.P5","","","","","","","","","","","","","","","","","","","","","","","","","","","","","","","","","","","","","","","","","","","","","","","","","","","","","","","","","","","","","","","","","","",
"Qatar","QAT","Mortality rate attributed to unsafe water, unsafe sanitation and lack of hygiene (per 100,000 population)","SH.STA.WASH.P5","","","","","","","","","","","","","","","","","","","","","","","","","","","","","","","","","","","","","","","","","","","","","","","","","","","","","","","","","","","","0.4","","","","","","",
"Romania","ROU","Mortality rate attributed to unsafe water, unsafe sanitation and lack of hygiene (per 100,000 population)","SH.STA.WASH.P5","","","","","","","","","","","","","","","","","","","","","","","","","","","","","","","","","","","","","","","","","","","","","","","","","","","","","","","","","","","","7.2","","","","","","",
"Russian Federation","RUS","Mortality rate attributed to unsafe water, unsafe sanitation and lack of hygiene (per 100,000 population)","SH.STA.WASH.P5","","","","","","","","","","","","","","","","","","","","","","","","","","","","","","","","","","","","","","","","","","","","","","","","","","","","","","","","","","","","3.2","","","","","","",
"Rwanda","RWA","Mortality rate attributed to unsafe water, unsafe sanitation and lack of hygiene (per 100,000 population)","SH.STA.WASH.P5","","","","","","","","","","","","","","","","","","","","","","","","","","","","","","","","","","","","","","","","","","","","","","","","","","","","","","","","","","","","25","","","","","","",
"South Asia","SAS","Mortality rate attributed to unsafe water, unsafe sanitation and lack of hygiene (per 100,000 population)","SH.STA.WASH.P5","","","","","","","","","","","","","","","","","","","","","","","","","","","","","","","","","","","","","","","","","","","","","","","","","","","","","","","","","","","","33.7518605415716","","","","","","",
"Saudi Arabia","SAU","Mortality rate attributed to unsafe water, unsafe sanitation and lack of hygiene (per 100,000 population)","SH.STA.WASH.P5","","","","","","","","","","","","","","","","","","","","","","","","","","","","","","","","","","","","","","","","","","","","","","","","","","","","","","","","","","","","1.9","","","","","","",
"Sudan","SDN","Mortality rate attributed to unsafe water, unsafe sanitation and lack of hygiene (per 100,000 population)","SH.STA.WASH.P5","","","","","","","","","","","","","","","","","","","","","","","","","","","","","","","","","","","","","","","","","","","","","","","","","","","","","","","","","","","","15.8","","","","","","",
"Senegal","SEN","Mortality rate attributed to unsafe water, unsafe sanitation and lack of hygiene (per 100,000 population)","SH.STA.WASH.P5","","","","","","","","","","","","","","","","","","","","","","","","","","","","","","","","","","","","","","","","","","","","","","","","","","","","","","","","","","","","31.7","","","","","","",
"Singapore","SGP","Mortality rate attributed to unsafe water, unsafe sanitation and lack of hygiene (per 100,000 population)","SH.STA.WASH.P5","","","","","","","","","","","","","","","","","","","","","","","","","","","","","","","","","","","","","","","","","","","","","","","","","","","","","","","","","","","","8.5","","","","","","",
"Solomon Islands","SLB","Mortality rate attributed to unsafe water, unsafe sanitation and lack of hygiene (per 100,000 population)","SH.STA.WASH.P5","","","","","","","","","","","","","","","","","","","","","","","","","","","","","","","","","","","","","","","","","","","","","","","","","","","","","","","","","","","","32.7","","","","","","",
"Sierra Leone","SLE","Mortality rate attributed to unsafe water, unsafe sanitation and lack of hygiene (per 100,000 population)","SH.STA.WASH.P5","","","","","","","","","","","","","","","","","","","","","","","","","","","","","","","","","","","","","","","","","","","","","","","","","","","","","","","","","","","","69.5","","","","","","",
"El Salvador","SLV","Mortality rate attributed to unsafe water, unsafe sanitation and lack of hygiene (per 100,000 population)","SH.STA.WASH.P5","","","","","","","","","","","","","","","","","","","","","","","","","","","","","","","","","","","","","","","","","","","","","","","","","","","","","","","","","","","","6.1","","","","","","",
"San Marino","SMR","Mortality rate attributed to unsafe water, unsafe sanitation and lack of hygiene (per 100,000 population)","SH.STA.WASH.P5","","","","","","","","","","","","","","","","","","","","","","","","","","","","","","","","","","","","","","","","","","","","","","","","","","","","","","","","","","","","","","","","","","",
"Somalia, Fed. Rep.","SOM","Mortality rate attributed to unsafe water, unsafe sanitation and lack of hygiene (per 100,000 population)","SH.STA.WASH.P5","","","","","","","","","","","","","","","","","","","","","","","","","","","","","","","","","","","","","","","","","","","","","","","","","","","","","","","","","","","","99.2","","","","","","",
"Serbia","SRB","Mortality rate attributed to unsafe water, unsafe sanitation and lack of hygiene (per 100,000 population)","SH.STA.WASH.P5","","","","","","","","","","","","","","","","","","","","","","","","","","","","","","","","","","","","","","","","","","","","","","","","","","","","","","","","","","","","3.9","","","","","","",
"Sub-Saharan Africa (excluding high income)","SSA","Mortality rate attributed to unsafe water, unsafe sanitation and lack of hygiene (per 100,000 population)","SH.STA.WASH.P5","","","","","","","","","","","","","","","","","","","","","","","","","","","","","","","","","","","","","","","","","","","","","","","","","","","","","","","","","","","","48.8510461278792","","","","","","",
"South Sudan","SSD","Mortality rate attributed to unsafe water, unsafe sanitation and lack of hygiene (per 100,000 population)","SH.STA.WASH.P5","","","","","","","","","","","","","","","","","","","","","","","","","","","","","","","","","","","","","","","","","","","","","","","","","","","","","","","","","","","","68.1","","","","","","",
"Sub-Saharan Africa","SSF","Mortality rate attributed to unsafe water, unsafe sanitation and lack of hygiene (per 100,000 population)","SH.STA.WASH.P5","","","","","","","","","","","","","","","","","","","","","","","","","","","","","","","","","","","","","","","","","","","","","","","","","","","","","","","","","","","","48.0195559192273","","","","","","",
"Small states","SST","Mortality rate attributed to unsafe water, unsafe sanitation and lack of hygiene (per 100,000 population)","SH.STA.WASH.P5","","","","","","","","","","","","","","","","","","","","","","","","","","","","","","","","","","","","","","","","","","","","","","","","","","","","","","","","","","","","14.090501945176","","","","","","",
"Sao Tome and Principe","STP","Mortality rate attributed to unsafe water, unsafe sanitation and lack of hygiene (per 100,000 population)","SH.STA.WASH.P5","","","","","","","","","","","","","","","","","","","","","","","","","","","","","","","","","","","","","","","","","","","","","","","","","","","","","","","","","","","","16.7","","","","","","",
"Suriname","SUR","Mortality rate attributed to unsafe water, unsafe sanitation and lack of hygiene (per 100,000 population)","SH.STA.WASH.P5","","","","","","","","","","","","","","","","","","","","","","","","","","","","","","","","","","","","","","","","","","","","","","","","","","","","","","","","","","","","7.1","","","","","","",
"Slovak Republic","SVK","Mortality rate attributed to unsafe water, unsafe sanitation and lack of hygiene (per 100,000 population)","SH.STA.WASH.P5","","","","","","","","","","","","","","","","","","","","","","","","","","","","","","","","","","","","","","","","","","","","","","","","","","","","","","","","","","","","3.6","","","","","","",
"Slovenia","SVN","Mortality rate attributed to unsafe water, unsafe sanitation and lack of hygiene (per 100,000 population)","SH.STA.WASH.P5","","","","","","","","","","","","","","","","","","","","","","","","","","","","","","","","","","","","","","","","","","","","","","","","","","","","","","","","","","","","1.9","","","","","","",
"Sweden","SWE","Mortality rate attributed to unsafe water, unsafe sanitation and lack of hygiene (per 100,000 population)","SH.STA.WASH.P5","","","","","","","","","","","","","","","","","","","","","","","","","","","","","","","","","","","","","","","","","","","","","","","","","","","","","","","","","","","","3","","","","","","",
"Eswatini","SWZ","Mortality rate attributed to unsafe water, unsafe sanitation and lack of hygiene (per 100,000 population)","SH.STA.WASH.P5","","","","","","","","","","","","","","","","","","","","","","","","","","","","","","","","","","","","","","","","","","","","","","","","","","","","","","","","","","","","46.5","","","","","","",
"Sint Maarten (Dutch part)","SXM","Mortality rate attributed to unsafe water, unsafe sanitation and lack of hygiene (per 100,000 population)","SH.STA.WASH.P5","","","","","","","","","","","","","","","","","","","","","","","","","","","","","","","","","","","","","","","","","","","","","","","","","","","","","","","","","","","","","","","","","","",
"Seychelles","SYC","Mortality rate attributed to unsafe water, unsafe sanitation and lack of hygiene (per 100,000 population)","SH.STA.WASH.P5","","","","","","","","","","","","","","","","","","","","","","","","","","","","","","","","","","","","","","","","","","","","","","","","","","","","","","","","","","","","8.4","","","","","","",
"Syrian Arab Republic","SYR","Mortality rate attributed to unsafe water, unsafe sanitation and lack of hygiene (per 100,000 population)","SH.STA.WASH.P5","","","","","","","","","","","","","","","","","","","","","","","","","","","","","","","","","","","","","","","","","","","","","","","","","","","","","","","","","","","","9.1","","","","","","",
"Turks and Caicos Islands","TCA","Mortality rate attributed to unsafe water, unsafe sanitation and lack of hygiene (per 100,000 population)","SH.STA.WASH.P5","","","","","","","","","","","","","","","","","","","","","","","","","","","","","","","","","","","","","","","","","","","","","","","","","","","","","","","","","","","","","","","","","","",
"Chad","TCD","Mortality rate attributed to unsafe water, unsafe sanitation and lack of hygiene (per 100,000 population)","SH.STA.WASH.P5","","","","","","","","","","","","","","","","","","","","","","","","","","","","","","","","","","","","","","","","","","","","","","","","","","","","","","","","","","","","99.2","","","","","","",
"East Asia & Pacific (IDA & IBRD countries)","TEA","Mortality rate attributed to unsafe water, unsafe sanitation and lack of hygiene (per 100,000 population)","SH.STA.WASH.P5","","","","","","","","","","","","","","","","","","","","","","","","","","","","","","","","","","","","","","","","","","","","","","","","","","","","","","","","","","","","6.09057529342817","","","","","","",
"Europe & Central Asia (IDA & IBRD countries)","TEC","Mortality rate attributed to unsafe water, unsafe sanitation and lack of hygiene (per 100,000 population)","SH.STA.WASH.P5","","","","","","","","","","","","","","","","","","","","","","","","","","","","","","","","","","","","","","","","","","","","","","","","","","","","","","","","","","","","3.43651756666819","","","","","","",
"Togo","TGO","Mortality rate attributed to unsafe water, unsafe sanitation and lack of hygiene (per 100,000 population)","SH.STA.WASH.P5","","","","","","","","","","","","","","","","","","","","","","","","","","","","","","","","","","","","","","","","","","","","","","","","","","","","","","","","","","","","42.4","","","","","","",
"Thailand","THA","Mortality rate attributed to unsafe water, unsafe sanitation and lack of hygiene (per 100,000 population)","SH.STA.WASH.P5","","","","","","","","","","","","","","","","","","","","","","","","","","","","","","","","","","","","","","","","","","","","","","","","","","","","","","","","","","","","11.8","","","","","","",
"Tajikistan","TJK","Mortality rate attributed to unsafe water, unsafe sanitation and lack of hygiene (per 100,000 population)","SH.STA.WASH.P5","","","","","","","","","","","","","","","","","","","","","","","","","","","","","","","","","","","","","","","","","","","","","","","","","","","","","","","","","","","","9","","","","","","",
"Turkmenistan","TKM","Mortality rate attributed to unsafe water, unsafe sanitation and lack of hygiene (per 100,000 population)","SH.STA.WASH.P5","","","","","","","","","","","","","","","","","","","","","","","","","","","","","","","","","","","","","","","","","","","","","","","","","","","","","","","","","","","","5.7","","","","","","",
"Latin America & the Caribbean (IDA & IBRD countries)","TLA","Mortality rate attributed to unsafe water, unsafe sanitation and lack of hygiene (per 100,000 population)","SH.STA.WASH.P5","","","","","","","","","","","","","","","","","","","","","","","","","","","","","","","","","","","","","","","","","","","","","","","","","","","","","","","","","","","","6.44227129236196","","","","","","",
"Timor-Leste","TLS","Mortality rate attributed to unsafe water, unsafe sanitation and lack of hygiene (per 100,000 population)","SH.STA.WASH.P5","","","","","","","","","","","","","","","","","","","","","","","","","","","","","","","","","","","","","","","","","","","","","","","","","","","","","","","","","","","","20.4","","","","","","",
"Middle East, North Africa, Afghanistan & Pakistan (IDA & IBRD)","TMN","Mortality rate attributed to unsafe water, unsafe sanitation and lack of hygiene (per 100,000 population)","SH.STA.WASH.P5","","","","","","","","","","","","","","","","","","","","","","","","","","","","","","","","","","","","","","","","","","","","","","","","","","","","","","","","","","","","17.3684449987859","","","","","","",
"Tonga","TON","Mortality rate attributed to unsafe water, unsafe sanitation and lack of hygiene (per 100,000 population)","SH.STA.WASH.P5","","","","","","","","","","","","","","","","","","","","","","","","","","","","","","","","","","","","","","","","","","","","","","","","","","","","","","","","","","","","7.1","","","","","","",
"South Asia (IDA & IBRD)","TSA","Mortality rate attributed to unsafe water, unsafe sanitation and lack of hygiene (per 100,000 population)","SH.STA.WASH.P5","","","","","","","","","","","","","","","","","","","","","","","","","","","","","","","","","","","","","","","","","","","","","","","","","","","","","","","","","","","","33.7518605415716","","","","","","",
"Sub-Saharan Africa (IDA & IBRD countries)","TSS","Mortality rate attributed to unsafe water, unsafe sanitation and lack of hygiene (per 100,000 population)","SH.STA.WASH.P5","","","","","","","","","","","","","","","","","","","","","","","","","","","","","","","","","","","","","","","","","","","","","","","","","","","","","","","","","","","","48.0195559192273","","","","","","",
"Trinidad and Tobago","TTO","Mortality rate attributed to unsafe water, unsafe sanitation and lack of hygiene (per 100,000 population)","SH.STA.WASH.P5","","","","","","","","","","","","","","","","","","","","","","","","","","","","","","","","","","","","","","","","","","","","","","","","","","","","","","","","","","","","1.6","","","","","","",
"Tunisia","TUN","Mortality rate attributed to unsafe water, unsafe sanitation and lack of hygiene (per 100,000 population)","SH.STA.WASH.P5","","","","","","","","","","","","","","","","","","","","","","","","","","","","","","","","","","","","","","","","","","","","","","","","","","","","","","","","","","","","3.1","","","","","","",
"Turkiye","TUR","Mortality rate attributed to unsafe water, unsafe sanitation and lack of hygiene (per 100,000 population)","SH.STA.WASH.P5","","","","","","","","","","","","","","","","","","","","","","","","","","","","","","","","","","","","","","","","","","","","","","","","","","","","","","","","","","","","2.5","","","","","","",
"Tuvalu","TUV","Mortality rate attributed to unsafe water, unsafe sanitation and lack of hygiene (per 100,000 population)","SH.STA.WASH.P5","","","","","","","","","","","","","","","","","","","","","","","","","","","","","","","","","","","","","","","","","","","","","","","","","","","","","","","","","","","","","","","","","","",
"Tanzania","TZA","Mortality rate attributed to unsafe water, unsafe sanitation and lack of hygiene (per 100,000 population)","SH.STA.WASH.P5","","","","","","","","","","","","","","","","","","","","","","","","","","","","","","","","","","","","","","","","","","","","","","","","","","","","","","","","","","","","30.2","","","","","","",
"Uganda","UGA","Mortality rate attributed to unsafe water, unsafe sanitation and lack of hygiene (per 100,000 population)","SH.STA.WASH.P5","","","","","","","","","","","","","","","","","","","","","","","","","","","","","","","","","","","","","","","","","","","","","","","","","","","","","","","","","","","","28.1","","","","","","",
"Ukraine","UKR","Mortality rate attributed to unsafe water, unsafe sanitation and lack of hygiene (per 100,000 population)","SH.STA.WASH.P5","","","","","","","","","","","","","","","","","","","","","","","","","","","","","","","","","","","","","","","","","","","","","","","","","","","","","","","","","","","","2.3","","","","","","",
"Upper middle income","UMC","Mortality rate attributed to unsafe water, unsafe sanitation and lack of hygiene (per 100,000 population)","SH.STA.WASH.P5","","","","","","","","","","","","","","","","","","","","","","","","","","","","","","","","","","","","","","","","","","","","","","","","","","","","","","","","","","","","5.44391008506644","","","","","","",
"Uruguay","URY","Mortality rate attributed to unsafe water, unsafe sanitation and lack of hygiene (per 100,000 population)","SH.STA.WASH.P5","","","","","","","","","","","","","","","","","","","","","","","","","","","","","","","","","","","","","","","","","","","","","","","","","","","","","","","","","","","","4.4","","","","","","",
"United States","USA","Mortality rate attributed to unsafe water, unsafe sanitation and lack of hygiene (per 100,000 population)","SH.STA.WASH.P5","","","","","","","","","","","","","","","","","","","","","","","","","","","","","","","","","","","","","","","","","","","","","","","","","","","","","","","","","","","","2.3","","","","","","",
"Uzbekistan","UZB","Mortality rate attributed to unsafe water, unsafe sanitation and lack of hygiene (per 100,000 population)","SH.STA.WASH.P5","","","","","","","","","","","","","","","","","","","","","","","","","","","","","","","","","","","","","","","","","","","","","","","","","","","","","","","","","","","","2.9","","","","","","",
"St. Vincent and the Grenadines","VCT","Mortality rate attributed to unsafe water, unsafe sanitation and lack of hygiene (per 100,000 population)","SH.STA.WASH.P5","","","","","","","","","","","","","","","","","","","","","","","","","","","","","","","","","","","","","","","","","","","","","","","","","","","","","","","","","","","","5.3","","","","","","",
"Venezuela, RB","VEN","Mortality rate attributed to unsafe water, unsafe sanitation and lack of hygiene (per 100,000 population)","SH.STA.WASH.P5","","","","","","","","","","","","","","","","","","","","","","","","","","","","","","","","","","","","","","","","","","","","","","","","","","","","","","","","","","","","5.2","","","","","","",
"British Virgin Islands","VGB","Mortality rate attributed to unsafe water, unsafe sanitation and lack of hygiene (per 100,000 population)","SH.STA.WASH.P5","","","","","","","","","","","","","","","","","","","","","","","","","","","","","","","","","","","","","","","","","","","","","","","","","","","","","","","","","","","","","","","","","","",
"Virgin Islands (U.S.)","VIR","Mortality rate attributed to unsafe water, unsafe sanitation and lack of hygiene (per 100,000 population)","SH.STA.WASH.P5","","","","","","","","","","","","","","","","","","","","","","","","","","","","","","","","","","","","","","","","","","","","","","","","","","","","","","","","","","","","","","","","","","",
"Viet Nam","VNM","Mortality rate attributed to unsafe water, unsafe sanitation and lack of hygiene (per 100,000 population)","SH.STA.WASH.P5","","","","","","","","","","","","","","","","","","","","","","","","","","","","","","","","","","","","","","","","","","","","","","","","","","","","","","","","","","","","6.9","","","","","","",
"Vanuatu","VUT","Mortality rate attributed to unsafe water, unsafe sanitation and lack of hygiene (per 100,000 population)","SH.STA.WASH.P5","","","","","","","","","","","","","","","","","","","","","","","","","","","","","","","","","","","","","","","","","","","","","","","","","","","","","","","","","","","","25","","","","","","",
"World","WLD","Mortality rate attributed to unsafe water, unsafe sanitation and lack of hygiene (per 100,000 population)","SH.STA.WASH.P5","","","","","","","","","","","","","","","","","","","","","","","","","","","","","","","","","","","","","","","","","","","","","","","","","","","","","","","","","","","","18.5268868872385","","","","","","",
"Samoa","WSM","Mortality rate attributed to unsafe water, unsafe sanitation and lack of hygiene (per 100,000 population)","SH.STA.WASH.P5","","","","","","","","","","","","","","","","","","","","","","","","","","","","","","","","","","","","","","","","","","","","","","","","","","","","","","","","","","","","8.2","","","","","","",
"Kosovo","XKX","Mortality rate attributed to unsafe water, unsafe sanitation and lack of hygiene (per 100,000 population)","SH.STA.WASH.P5","","","","","","","","","","","","","","","","","","","","","","","","","","","","","","","","","","","","","","","","","","","","","","","","","","","","","","","","","","","","","","","","","","",
"Yemen, Rep.","YEM","Mortality rate attributed to unsafe water, unsafe sanitation and lack of hygiene (per 100,000 population)","SH.STA.WASH.P5","","","","","","","","","","","","","","","","","","","","","","","","","","","","","","","","","","","","","","","","","","","","","","","","","","","","","","","","","","","","15.6","","","","","","",
"South Africa","ZAF","Mortality rate attributed to unsafe water, unsafe sanitation and lack of hygiene (per 100,000 population)","SH.STA.WASH.P5","","","","","","","","","","","","","","","","","","","","","","","","","","","","","","","","","","","","","","","","","","","","","","","","","","","","","","","","","","","","27.6","","","","","","",
"Zambia","ZMB","Mortality rate attributed to unsafe water, unsafe sanitation and lack of hygiene (per 100,000 population)","SH.STA.WASH.P5","","","","","","","","","","","","","","","","","","","","","","","","","","","","","","","","","","","","","","","","","","","","","","","","","","","","","","","","","","","","35.8","","","","","","",
"Zimbabwe","ZWE","Mortality rate attributed to unsafe water, unsafe sanitation and lack of hygiene (per 100,000 population)","SH.STA.WASH.P5","","","","","","","","","","","","","","","","","","","","","","","","","","","","","","","","","","","","","","","","","","","","","","","","","","","","","","","","","","","","36.2","","","","","","",
